id,name,shortname,matching1,matching2
1,創世記,創,,
2,出埃及,出,,
3,利未記,利,,
4,民數記,民,,
5,申命記,申,,
6,約書亞記,書,,
7,士師記,士,,
8,路得記,得,,
9,撒母耳記上,撒上,,
10,撒母耳記下,撒下,,
11,列王紀上,王上,,
12,列王紀下,王下,,
13,歷代志上,代上,,
14,歷代志下,代下,,
15,以斯拉記,拉,,
16,尼希米記,尼,,
17,以斯帖記,斯,,
18,約伯記,伯,,
19,詩篇,詩,,
20,箴言,箴,,
21,傳道書,傳,,
22,雅歌,歌,,
23,以賽亞書,賽,,
24,耶利米書,耶,,
25,耶利米哀歌,哀,,
26,以西結書,結,,
27,但以理書,但,,
28,何西阿書,何,,
29,約珥書,珥,,
30,阿摩司書,摩,,
31,俄巴底亞書,俄,,
32,約拿書,拿,,
33,彌迦書,彌,,
34,那鴻書,鴻,,
35,哈巴谷書,哈,,
36,西番雅書,番,,
37,哈該書,該,,
38,撒迦利亞書,亞,,
39,瑪拉基書,瑪,,
40,馬太福音,太,,
41,馬可福音,可,,
42,路加福音,路,,
43,約翰福音,約,,
44,使徒行傳,徒,,
45,羅馬書,羅,,
46,歌林多前書,林前,,
47,歌林多後書,林後,,
48,加拉太書,加,,
49,以弗所書,弗,,
50,腓立比書,腓,,
51,歌羅西書,西,,
52,帖撒羅尼迦前書,貼前,,
53,帖撒羅尼迦後書,貼後,,
54,提摩太前書,提前,,
55,提摩太後書,提後,,
56,提多書,多,,
57,腓利門書,門,,
58,希伯來書,來,,
59,雅各書,雅,,
60,彼得前書,彼前,,
61,彼得後書,彼後,,
62,約翰一書,約一,,
63,約翰二書,約二,,
64,約翰三書,約三,,
65,猶大書,猶,,
66,启示录,啟,,
